{
  "date": "2025-12-10",
  "lastUpdated": 1765375770864,
  "activities": [
    {
      "id": "4307f6f6-bc6d-42e8-9a34-0aeebb2560cb",
      "groupId": "159b977a-de91-4eaa-82f8-91059d3a63ad",
      "categoryId": "web",
      "startTime": "2025-12-10T14:26:49.156161",
      "endTime": "2025-12-10T14:27:16.565874",
      "duration": 27,
      "note": "上网探索",
      "isCrossDaySplit": false
    },
    {
      "id": "eeb55d59-b89d-4ccc-bb06-f0a18ae604ad",
      "groupId": "49f09344-c02b-4010-be24-7b5bcaef3acb",
      "categoryId": "commute",
      "startTime": "2025-12-10T14:27:19.292489",
      "endTime": "2025-12-10T14:27:32.009079",
      "duration": 12,
      "note": "上网探索",
      "isCrossDaySplit": false
    },
    {
      "id": "de170367-5e38-4299-ab91-d3eef86d7422",
      "groupId": "adb128be-0201-411e-85c9-acfbcd14e347",
      "categoryId": "web",
      "startTime": "2025-12-10T14:27:47.738106",
      "endTime": "2025-12-10T14:27:57.849771",
      "duration": 10,
      "note": "上网探索",
      "isCrossDaySplit": false
    },
    {
      "id": "6e9a86a9-9073-4310-ad4f-71767f3ebed4",
      "groupId": "5b9fad28-cc77-4569-8077-cffd92aa7e13",
      "categoryId": "web",
      "startTime": "2025-12-10T14:29:00.000",
      "endTime": "2025-12-10T14:51:00.000",
      "duration": 1320,
      "note": "上网探索test1",
      "isCrossDaySplit": false
    },
    {
      "id": "0890217f-1c85-4007-bb59-9b8b3d574892",
      "groupId": "eb8150fc-c79a-4aa9-92f6-af879b8a16ab",
      "categoryId": "game",
      "startTime": "2025-12-10T15:31:36.033414",
      "endTime": "2025-12-10T15:31:49.189364",
      "duration": 13,
      "note": "游戏",
      "isCrossDaySplit": false
    },
    {
      "id": "2fdc11a0-0a02-418f-be55-f2e6d0a2ae83",
      "groupId": "5b9fad28-cc77-4569-8077-cffd92aa7e13",
      "categoryId": "web",
      "startTime": "2025-12-10T15:31:52.643885",
      "endTime": "2025-12-10T15:32:01.227180",
      "duration": 8,
      "note": "上网探索test1",
      "isCrossDaySplit": false
    },
    {
      "id": "c3a9136e-0d10-4704-9bf8-b758c3fd2f07",
      "groupId": "3a93fec9-72c3-412e-a446-1baeda7b2942",
      "categoryId": "web",
      "startTime": "2025-12-10T15:32:50.480",
      "endTime": "2025-12-10T15:38:43.125604",
      "duration": 352,
      "note": "上网探索测试1",
      "isCrossDaySplit": false
    },
    {
      "id": "f78fedc7-b859-4379-9ac7-f5ba2663df6d",
      "groupId": "02193e01-a665-4734-a15b-ab5346055682",
      "categoryId": "nap",
      "startTime": "2025-12-10T15:38:43.142",
      "endTime": "2025-12-10T15:41:42.799278",
      "duration": 179,
      "note": "午睡",
      "isCrossDaySplit": false
    },
    {
      "id": "f918914f-49ac-4f45-92d1-08624ca221a2",
      "groupId": "3a93fec9-72c3-412e-a446-1baeda7b2942",
      "categoryId": "web",
      "startTime": "2025-12-10T15:41:49.194907",
      "endTime": "2025-12-10T15:49:22.526794",
      "duration": 453,
      "note": "上网探索测试2",
      "isCrossDaySplit": false
    },
    {
      "id": "3ca84c9b-0fd0-4cf8-a7bb-571a5533c710",
      "groupId": "4ec32605-5642-4f83-898a-452ce76e07d1",
      "categoryId": "game",
      "startTime": "2025-12-10T16:03:29.056170",
      "endTime": "2025-12-10T16:03:34.616442",
      "duration": 5,
      "note": "游戏",
      "isCrossDaySplit": false
    },
    {
      "id": "c44f76d5-0e93-4fd4-81bd-e4f61e8117c9",
      "groupId": "53135f3c-c3e6-4d27-807a-c4eb327ddccc",
      "categoryId": "sleep",
      "startTime": "2025-12-10T16:28:56.388680",
      "endTime": "2025-12-10T16:29:09.425661",
      "duration": 13,
      "note": "睡眠",
      "isCrossDaySplit": false
    },
    {
      "id": "9b5051c7-3227-4e68-b338-c67695c1f0bf",
      "groupId": "f42b5f76-1b6a-4963-a852-fd1b2ae99407",
      "categoryId": "web",
      "startTime": "2025-12-10T17:11:00.000",
      "endTime": "2025-12-10T17:12:00.000",
      "duration": 60,
      "note": "上网探索",
      "isCrossDaySplit": false
    },
    {
      "id": "7f6e552b-a9fa-447c-9f82-06f43f7ab92e",
      "groupId": "bfef8797-8cbb-4dc7-a8f4-a6898f2d5a83",
      "categoryId": "chat",
      "startTime": "2025-12-10T19:33:44.766633",
      "endTime": "2025-12-10T19:34:58.191085",
      "duration": 73,
      "note": "聊天",
      "isCrossDaySplit": false
    },
    {
      "id": "ab5dd26d-9b89-4d43-a7bc-ba459594b5cc",
      "groupId": "9d46282f-9620-4bc5-b537-31e7430dae4f",
      "categoryId": "house",
      "startTime": "2025-12-10T19:43:58.217854",
      "endTime": "2025-12-10T19:46:20.431066",
      "duration": 142,
      "note": "家务",
      "isCrossDaySplit": false
    },
    {
      "id": "bb4fb721-b004-4b61-a3cc-86d161d0ab0f",
      "groupId": "5eb1b01d-56f7-407f-8927-48350f30d30d",
      "categoryId": "video",
      "startTime": "2025-12-10T20:25:11.890432",
      "endTime": "2025-12-10T20:25:20.345523",
      "duration": 8,
      "note": "刷视频",
      "isCrossDaySplit": false
    },
    {
      "id": "8cba36e7-432e-443f-9b5a-5aba88774945",
      "groupId": "47be4e6a-8ab3-4622-a5c3-c538374db5bc",
      "categoryId": "sports",
      "startTime": "2025-12-10T20:25:22.982420",
      "endTime": "2025-12-10T20:26:06.574420",
      "duration": 43,
      "note": "运动",
      "isCrossDaySplit": false
    },
    {
      "id": "88220353-05e9-4726-9b6b-89070843130a",
      "groupId": "634bb216-7342-4c7f-bf63-d8ac0d085286",
      "categoryId": "game",
      "startTime": "2025-12-10T22:09:12.585491",
      "endTime": "2025-12-10T22:09:30.856474",
      "duration": 18,
      "note": "游戏",
      "isCrossDaySplit": false
    }
  ]
}