{
  "activities": [
    {
      "id": "1086ed2e-4a9f-4242-9ea9-805ff0adcc63",
      "groupId": "2d0a9ece-3185-4773-98f8-b984a64090e4",
      "categoryId": "web",
      "startTime": "2025-12-11T10:12:45.841807",
      "endTime": "2025-12-11T10:13:03.115882",
      "duration": 17,
      "note": "测试一下同步功能",
      "isCrossDaySplit": false
    },
    {
      "id": "dc849f07-3aaf-4ca8-a920-e5df19554643",
      "groupId": "abda09b6-277d-4b1c-be6d-b52eb8680f57",
      "categoryId": "web",
      "startTime": "2025-12-11T15:02:58.828215",
      "endTime": "2025-12-11T15:03:51.410338",
      "duration": 52,
      "note": "上网探究",
      "isCrossDaySplit": false
    },
    {
      "id": "18127fbb-1796-4220-9be9-310ce6cee903",
      "groupId": "9534365f-2278-4a4a-9cd5-a90d3fbde7c4",
      "categoryId": "web",
      "startTime": "2025-12-11T15:41:40.410343",
      "endTime": "2025-12-11T15:43:24.022136",
      "duration": 103,
      "note": "上网探究",
      "isCrossDaySplit": false
    },
    {
      "id": "dbef698d-3812-4086-aaea-4b434e573613",
      "groupId": "424e8b9a-c709-43e4-b0a9-d8c47dbacd31",
      "categoryId": "sports",
      "startTime": "2025-12-11T15:44:47.190318",
      "endTime": "2025-12-11T15:45:54.465942",
      "duration": 67,
      "note": "运动",
      "isCrossDaySplit": false
    },
    {
      "id": "b5caf821-018e-458b-8447-89a6c339fc2f",
      "groupId": "ae7e987c-3755-40ab-8ff9-04be01a2837e",
      "categoryId": "web",
      "startTime": "2025-12-11T15:51:55.774174",
      "endTime": "2025-12-11T15:52:07.527435",
      "duration": 11,
      "note": "上网探究",
      "isCrossDaySplit": false
    }
  ],
  "date": "2025-12-11",
  "lastUpdated": 1765439527528
}