{
  "lastUpdated": 1765956794113,
  "darkMode": false,
  "items": [
    {
      "id": "web",
      "name": "上网探究",
      "iconCode": 57733,
      "colorHex": "#FF2196F3",
      "order": 0,
      "enabled": true,
      "group": "上网探究"
    },
    {
      "id": "sleep",
      "name": "睡眠",
      "iconCode": 61710,
      "colorHex": "#FF8E44AD",
      "order": 1,
      "enabled": true,
      "group": "睡眠"
    },
    {
      "id": "nap",
      "name": "睡眠.午睡",
      "iconCode": 62652,
      "colorHex": "#FFFBC02D",
      "order": 2,
      "enabled": true,
      "group": "睡眠"
    },
    {
      "id": "video",
      "name": "刷视频",
      "iconCode": 61940,
      "colorHex": "#00ACC1",
      "order": 3,
      "enabled": true,
      "group": "刷视频"
    },
    {
      "id": "sports",
      "name": "运动",
      "iconCode": 57997,
      "colorHex": "#1565C0",
      "order": 4,
      "enabled": true,
      "group": "运动"
    },
    {
      "id": "commute",
      "name": "通勤",
      "iconCode": 58848,
      "colorHex": "#E91E63",
      "order": 5,
      "enabled": true,
      "group": "通勤"
    },
    {
      "id": "game",
      "name": "游戏",
      "iconCode": 58856,
      "colorHex": "#5C6BC0",
      "order": 6,
      "enabled": true,
      "group": "游戏"
    },
    {
      "id": "meal",
      "name": "用餐",
      "iconCode": 58674,
      "colorHex": "#7D6608",
      "order": 7,
      "enabled": true,
      "group": "用餐"
    },
    {
      "id": "movie",
      "name": "影音",
      "iconCode": 61939,
      "colorHex": "#757575",
      "order": 8,
      "enabled": true,
      "group": "影音"
    },
    {
      "id": "chat",
      "name": "聊天",
      "iconCode": 58502,
      "colorHex": "#F4511E",
      "order": 9,
      "enabled": true,
      "group": "聊天"
    },
    {
      "id": "house",
      "name": "家务",
      "iconCode": 58136,
      "colorHex": "#7CB342",
      "order": 10,
      "enabled": true,
      "group": "家务"
    },
    {
      "id": "reading",
      "name": "阅读",
      "iconCode": 58333,
      "colorHex": "#8D6E63",
      "order": 11,
      "enabled": true,
      "group": "阅读"
    },
    {
      "id": "work",
      "name": "工作",
      "iconCode": 59124,
      "colorHex": "#FF9800",
      "order": 12,
      "enabled": true,
      "group": "工作"
    },
    {
      "id": "shopping",
      "name": "购物",
      "iconCode": 58780,
      "colorHex": "#455A64",
      "order": 13,
      "enabled": true,
      "group": "购物"
    },
    {
      "id": "walk",
      "name": "步行",
      "iconCode": 57825,
      "colorHex": "#42A5F5",
      "order": 14,
      "enabled": true,
      "group": "步行"
    }
  ]
}